Evan,Phillips
Maxwell,Flores
Chloe,Watson
Scarlett,Reed
Zoe,Stewart
Riley,Cooper
Madison,Richardson
Eleanor,Wood
Grace,Bailey
Aria,Ward
Lily,Martin
Penelope,Thompson
Aurora,Turner
Hazel,Rivera
Violet,Gonzalez
Aria,Wright
Stella,Anderson
Nora,Hernandez
Luna,Hill
Hailey,Murphy
Layla,Scott
Zoey,Watson
Hannah,Bell
Savannah,Ward
Addison,Phillips
Brooklyn,Reed
Lillian,Stewart
Natalie,Flores
Ella,Morgan
Victoria,Cox
Elizabeth,Cooper
Gabriella,Bailey
Claire,Rivera
Lila,Ross
Emilia,Reed
Samantha,Turner
Leah,Ward
Maya,Stewart
Audrey,Phillips
Alice,Flores
Allison,Martin
Aubrey,Watson
Sarah,Anderson
Skylar,Hernandez
Katherine,Hill
Caroline,Murphy
Julia,Scott
Sophie,Wood
Alexa,Bell
Nova,Reed
Madeline,Thompson
Alexandra,Wright
Gianna,Campbell
Kylie,Ward
Autumn,Ross
Paisley,Phillips
Abigail,Flores
Jasmine,Cooper
Bella,Rivera
Naomi,Morris
Eliana,Allen
Clara,Bennett
Vivian,Turner
Reagan,Parker
Mackenzie,Evans
Madelyn,Campbell
Adeline,Morgan
Elena,Hall
Serenity,White
Adalynn,Stewart
Ariana,Peterson
Eliza,Lopez
Charlie,Garcia
Lilly,Brown
Mila,Johnson
Isla,Williams
Emery,Davis
Everly,Miller
Hadley, Rtdg
First Name,Last Name
Emma,Smith
Liam,Johnson
Olivia,Williams
Noah,Brown
Ava,Jones
Isabella,Davis
Sophia,Miller
Mia,Garcia
Charlotte,Wilson
Amelia,Anderson
Harper,Taylor
Evelyn,Thomas
Michael,Moore
Abigail,Jackson
Emily,White
Elizabeth,Harris
Sofia,Martin
James,Thompson
Benjamin,Lee
Elijah,Lewis
Ethan,Hall
Alexander,Young
Mason,Hernandez
Daniel,Wright
Logan,Lopez
Matthew,Hill
Aiden,Scott
Henry,Green
Joseph,Adams
Samuel,Baker
David,Gonzalez
Carter,Nelson
Jackson,Carter
Sebastian,Morris
Emily,Clark
Gabriel,Allen
Anthony,Bennett
Andrew,Turner
Joshua,Parker
Wyatt,Campbell
Christopher,Evans
Jayden,Murphy
Ryan,Collins
Luke,Stewart
Justin,Ross
Jack,Morgan
Thomas,Peterson
Nathan,Cooper
Isaac,Richardson
Jonathan,Bailey
Cooper,Bell
Landon,Cox
Aaron,Rivera
Adrian,Reed
Julian,Ward
Austin,Ross
Ian,Stewart
Evan,Phillips
Maxwell,Flores
Chloe,Watson
Scarlett,Reed
Zoe,Stewart
Riley,Cooper
Madison,Richardson
Eleanor,Wood
Grace,Bailey
Aria,Ward
Lily,Martin
Penelope,Thompson
Aurora,Turner
Hazel,Rivera
Violet,Gonzalez
Aria,Wright
Stella,Anderson
Nora,Hernandez
Luna,Hill
Hailey,Murphy
Layla,Scott
Zoey,Watson
Hannah,Bell
Savannah,Ward
Addison,Phillips
Brooklyn,Reed
Lillian,Stewart
Natalie,Flores
Ella,Morgan
Victoria,Cox
Elizabeth,Cooper
Gabriella,Bailey
Claire,Rivera
Lila,Ross
Emilia,Reed
Samantha,Turner
Leah,Ward
Maya,Stewart
Audrey,Phillips
Alice,Flores
Allison,Martin
Aubrey,Watson
Sarah,Anderson
Skylar,Hernandez
Katherine,Hill
Caroline,Murphy
Julia,Scott
Sophie,Wood
Alexa,Bell
Nova,Reed
Madeline,Thompson
Alexandra,Wright
Gianna,Campbell
Kylie,Ward
Autumn,Ross
Paisley,Phillips
Abigail,Flores
Jasmine,Cooper
Bella,Rivera
Naomi,Morris
Eliana,Allen
Clara,Bennett
Vivian,Turner
Reagan,Parker
Mackenzie,Evans
Madelyn,Campbell
Adeline,Morgan
Elena,Hall
Serenity,White
Adalynn,Stewart
Ariana,Peterson
Eliza,Lopez
Charlie,Garcia
Lilly,Brown
Mila,Johnson
Isla,Williams
Emery,Davis
Everly,Miller
Hadley, Rtdg
First Name,Last Name
Emma,Smith
Liam,Johnson
Olivia,Williams
Noah,Brown
Ava,Jones
Isabella,Davis
Sophia,Miller
Mia,Garcia
Charlotte,Wilson
Amelia,Anderson
Harper,Taylor
Evelyn,Thomas
Michael,Moore
Abigail,Jackson
Emily,White
Elizabeth,Harris
Sofia,Martin
James,Thompson
Benjamin,Lee
Elijah,Lewis
Ethan,Hall
Alexander,Young
Mason,Hernandez
Daniel,Wright
Logan,Lopez
Matthew,Hill
Aiden,Scott
Henry,Green
Joseph,Adams
Samuel,Baker
David,Gonzalez
Carter,Nelson
Jackson,Carter
Sebastian,Morris
Emily,Clark
Gabriel,Allen
Anthony,Bennett
Andrew,Turner
Joshua,Parker
Wyatt,Campbell
Christopher,Evans
Jayden,Murphy
Ryan,Collins
Luke,Stewart
Justin,Ross
Jack,Morgan
Thomas,Peterson
Nathan,Cooper
Isaac,Richardson
Jonathan,Bailey
Cooper,Bell
Landon,Cox
Aaron,Rivera
Adrian,Reed
Julian,Ward
Austin,Ross
Ian,Stewart
Evan,Phillips
Maxwell,Flores
Chloe,Watson
Scarlett,Reed